Question;Answer;Incorrect1;Incorrect2;Incorrect3
A barriga llena...; corazón contento.; pocas palabras bastan.; no hay pan duro.; mangas verdes!
A buen entendedor...; pocas palabras bastan.; no hay pan duro.; mangas verdes!; la cebada al rabo.
A buen hambre...; no hay pan duro.; mangas verdes!; la cebada al rabo.; no le mires el diente.
¡A buenas horas...; mangas verdes!; la cebada al rabo.; no le mires el diente.; su San Martín.
A burro muerto...; la cebada al rabo.; no le mires el diente.; su San Martín.; con el mazo dando.
A caballo regalado...; no le mires el diente.; su San Martín.; con el mazo dando.; puente de plata.
A cada cerdo le llega...; su San Martín.; con el mazo dando.; puente de plata.; buenas son tortas.
A Dios rogando y...; con el mazo dando.; puente de plata.; buenas son tortas.; grandes remedios.
A enemigo que huye...; puente de plata.; buenas son tortas.; grandes remedios.; comen los frailes.
A falta de pan...; buenas son tortas.; grandes remedios.; comen los frailes.; la virtud del no dar.
A grandes males...; grandes remedios.; comen los frailes.; la virtud del no dar.; una cosa más.
A gusto de los cocineros...; comen los frailes.; la virtud del no dar.; una cosa más.; la vencida.
A la arrogancia en el pedir...; la virtud del no dar.; una cosa más.; la vencida.; viruelas.
A la cama no te irás sin saber...; una cosa más.; la vencida.; viruelas.; pecho.
A la tercera va...; la vencida.; viruelas.; pecho.; buena cara.
A la vejez...; viruelas.; pecho.; buena cara.; más desengaños.
A lo hecho...; pecho.; buena cara.; más desengaños.; un dulce.
A mal tiempo...; buena cara.; más desengaños.; un dulce.; ese hueso.
A más años...; más desengaños.; un dulce.; ese hueso.; oídos sordos.
A nadie le amarga...; un dulce.; ese hueso.; oídos sordos.; todo son pulgas.
A otro perro con...; ese hueso.; oídos sordos.; todo son pulgas.; de todo le pasa.
A palabras necias...; oídos sordos.; todo son pulgas.; de todo le pasa.; Dios le ayuda.
A perro flaco...; todo son pulgas.; de todo le pasa.; Dios le ayuda.; más le viene.
A quien cuece y amasa...; de todo le pasa.; Dios le ayuda.; más le viene.; rey puesto.
A quien madruga...; Dios le ayuda.; más le viene.; rey puesto.; ganancia de pescadores.
A quien mucho tiene...; más le viene.; rey puesto.; ganancia de pescadores.; menos a no comer.
A rey muerto...; rey puesto.; ganancia de pescadores.; menos a no comer.; el que se está hundiendo.
A río revuelto...; ganancia de pescadores.; menos a no comer.; el que se está hundiendo.; aguas mil.
A todo se acostumbra uno...; menos a no comer.; el que se está hundiendo.; aguas mil.; desafortunado en amores.
A un clavo ardiendo se agarra...; el que se está hundiendo.; aguas mil.; desafortunado en amores.; no mueve molino.
Abril...; aguas mil.; desafortunado en amores.; no mueve molino.; déjala correr.
Afortunado en el juego...; desafortunado en amores.; no mueve molino.; déjala correr.; mañana traidor.
Agua pasada...; no mueve molino.; déjala correr.; mañana traidor.; se le va la liebre.
Agua que no has de beber...; déjala correr.; mañana traidor.; se le va la liebre.; al vino vino.
Ahora adulador...; mañana traidor.; se le va la liebre.; al vino vino.; todo se le vuelven pulgas.
Al mejor cazador...; se le va la liebre.; al vino vino.; todo se le vuelven pulgas.; San Pedro se la bendiga.
Al pan pan y...; al vino vino.; todo se le vuelven pulgas.; San Pedro se la bendiga.; que se rasque.
Al perro flaco...; todo se le vuelven pulgas.; San Pedro se la bendiga.; que se rasque.; para que me entiendas.
Al que Dios se la dé...; San Pedro se la bendiga.; que se rasque.; para que me entiendas.; cuando la bendicen.
Al que le pique...; que se rasque.; para que me entiendas.; cuando la bendicen.; porque no lo es.
Al revés te lo digo...; para que me entiendas.; cuando la bendicen.; porque no lo es.; se paga.
Algo tendrá el agua...; cuando la bendicen.; porque no lo es.; se paga.; son los más queridos.
Amigo por interés no dura...; porque no lo es.; se paga.; son los más queridos.; y ríase la gente.
Amor con amor...; se paga.; son los más queridos.; y ríase la gente.; la más tetuda.
Amores reñidos...; son los más queridos.; y ríase la gente.; la más tetuda.; consúltalo con la almohada.
Ande yo caliente...; y ríase la gente.; la más tetuda.; consúltalo con la almohada.; prometer.
Ante la duda...; la más tetuda.; consúltalo con la almohada.; prometer.; que al cojo.
Antes de hacer nada...; consúltalo con la almohada.; prometer.; que al cojo.; año de bienes.
Antes de meter...; prometer.; que al cojo.; año de bienes.; maestro de nada.
Antes se coge al mentiroso...; que al cojo.; año de bienes.; maestro de nada.; y en el camino nos encontraremos.
Año de nieves...; año de bienes.; maestro de nada.; y en el camino nos encontraremos.; alcánzalo todo.
Aprendiz de mucho...; maestro de nada.; y en el camino nos encontraremos.; alcánzalo todo.; mona se queda.
Arrieros somos...; y en el camino nos encontraremos.; alcánzalo todo.; mona se queda.; a la cazuela.
Asno con oro...; alcánzalo todo.; mona se queda.; a la cazuela.; nunca muere.
Aunque la mona se vista de seda...; mona se queda.; a la cazuela.; nunca muere.; bien acaba.
Ave que vuela...; a la cazuela.; nunca muere.; bien acaba.; quien bien vive.
Bicho malo...; nunca muere.; bien acaba.; quien bien vive.; surco derecho.
Bien está lo que...; bien acaba.; quien bien vive.; surco derecho.; ande o no ande.
Bien predica...; quien bien vive.; surco derecho.; ande o no ande.; a su tiempo.
Buey viejo...; surco derecho.; ande o no ande.; a su tiempo.; con su tema.
Caballo grande...; ande o no ande.; a su tiempo.; con su tema.; su librillo.
Cada cosa...; a su tiempo.; con su tema.; su librillo.; a su olivo.
Cada loco...; con su tema.; su librillo.; a su olivo.; tiene dos caras.
Cada maestrillo tiene...; su librillo.; a su olivo.; tiene dos caras.; con su pareja.
Cada mochuelo...; a su olivo.; tiene dos caras.; con su pareja.; aguante su vela.
Cada moneda...; tiene dos caras.; con su pareja.; aguante su vela.; esclava de sus palabras.
Cada oveja...; con su pareja.; aguante su vela.; esclava de sus palabras.; como le va en ella.
Cada palo...; aguante su vela.; esclava de sus palabras.; como le va en ella.; y Dios en la de todos.
Cada persona es dueña de su silencio y...; esclava de sus palabras.; como le va en ella.; y Dios en la de todos.; su cruz.
Cada uno cuenta de la feria...; como le va en ella.; y Dios en la de todos.; su cruz.; dónde le aprieta el zapato.
Cada uno en su casa...; y Dios en la de todos.; su cruz.; dónde le aprieta el zapato.; sus obras.
Cada uno lleva...; su cruz.; dónde le aprieta el zapato.; sus obras.; lo que se merece.
Cada uno sabe...; dónde le aprieta el zapato.; sus obras.; lo que se merece.; que algo queda.
Cada uno se conoce por...; sus obras.; lo que se merece.; que algo queda.; mala es de guardar.
Cada uno tiene...; lo que se merece.; que algo queda.; mala es de guardar.; y amansarás.
Calumnia...; que algo queda.; mala es de guardar.; y amansarás.; parió la abuela.
Casa con dos puertas...; mala es de guardar.; y amansarás.; parió la abuela.; se muere.
Casarás...; y amansarás.; parió la abuela.; se muere.; recogerás.
Como éramos pocos...; parió la abuela.; se muere.; recogerás.; nace el cariño.
Como se vive...; se muere.; recogerás.; nace el cariño.; mató mi padre un cochino.
Como siembres...; recogerás.; nace el cariño.; mató mi padre un cochino.; basta.
Con el roce...; nace el cariño.; mató mi padre un cochino.; basta.; a todas partes.
Con la ayuda del vecino...; mató mi padre un cochino.; basta.; a todas partes.; las memorias.
Con la intención...; basta.; a todas partes.; las memorias.; se anda el camino.
Con la verdad se llega...; a todas partes.; las memorias.; se anda el camino.; y para mí no tengo.
Con las glorias se olvidan...; las memorias.; se anda el camino.; y para mí no tengo.; pan y cebolla.
Con pan y vino...; se anda el camino.; y para mí no tengo.; pan y cebolla.; la virtud de no dar.
Consejos vendo...; y para mí no tengo.; pan y cebolla.; la virtud de no dar.; no hay arte alguna.
Contigo...; pan y cebolla.; la virtud de no dar.; no hay arte alguna.; no tiene reposo.
Contra el vicio de pedir...; la virtud de no dar.; no hay arte alguna.; no tiene reposo.; todo es empezar.
Contra la fortuna...; no hay arte alguna.; no tiene reposo.; todo es empezar.; todos son de su condición.
Corazón codicioso...; no tiene reposo.; todo es empezar.; todos son de su condición.; échate a dormir.
Coser y cantar...; todo es empezar.; todos son de su condición.; échate a dormir.; te sacarán los ojos.
Cree el ladrón que...; todos son de su condición.; échate a dormir.; te sacarán los ojos.; mata moscas con el rabo.
Cría fama y...; échate a dormir.; te sacarán los ojos.; mata moscas con el rabo.; los ratones bailan.
Cría cuervos y...; te sacarán los ojos.; mata moscas con el rabo.; los ratones bailan.; hace un frío del carajo.
Cuando el diablo no tiene nada que hacer...; mata moscas con el rabo.; los ratones bailan.; hace un frío del carajo.; agua lleva.
Cuando el gato no está...; los ratones bailan.; hace un frío del carajo.; agua lleva.; pon las tuyas a remojar.
Cuando el grajo vuela bajo...; hace un frío del carajo.; agua lleva.; pon las tuyas a remojar.; salta la liebre.
Cuando el río suena...; agua lleva.; pon las tuyas a remojar.; salta la liebre.; otra se abre.
Cuando las barbas del vecino veas pelar...; pon las tuyas a remojar.; salta la liebre.; otra se abre.; más se quiere.
Cuando menos se piensa...; salta la liebre.; otra se abre.; más se quiere.; más pellejo.
Cuando una puerta se cierra...; otra se abre.; más se quiere.; más pellejo.; al asno.
Cuanto más se tiene...; más se quiere.; más pellejo.; al asno.; culo deseo.
Cuanto más viejo...; más pellejo.; al asno.; culo deseo.; no tiene muelas.
Cuidados ajenos mataron...; al asno.; culo deseo.; no tiene muelas.; y dime tonto.
Culo veo...; culo deseo.; no tiene muelas.; y dime tonto.; y llegarás a palacio.
Da Dios almendras al que...; no tiene muelas.; y dime tonto.; y llegarás a palacio.; vienen estos lodos.
Dame pan...; y dime tonto.; y llegarás a palacio.; vienen estos lodos.; buen vinagre.
Date prisa despacio...; y llegarás a palacio.; vienen estos lodos.; buen vinagre.; el ser rabilargo.
De aquellos polvos...; vienen estos lodos.; buen vinagre.; el ser rabilargo.; el infierno lleno.
De buen vino...; buen vinagre.; el ser rabilargo.; el infierno lleno.; no se puede sacar.
De casta le viene al galgo...; el ser rabilargo.; el infierno lleno.; no se puede sacar.; quien de tu casa te echará.
De desagradecidos está...; el infierno lleno.; no se puede sacar.; quien de tu casa te echará.; las sepulturas llenas.
De donde no hay...; no se puede sacar.; quien de tu casa te echará.; las sepulturas llenas.; no pasa dinero.
De la calle vendrá...; quien de tu casa te echará.; las sepulturas llenas.; no pasa dinero.; se vive.
De grandes cenas están...; las sepulturas llenas.; no pasa dinero.; se vive.; la luz.
De herrero a herrero...; no pasa dinero.; se vive.; la luz.; llena la cesta.
De ilusión también...; se vive.; la luz.; llena la cesta.; ni la mitad te creas.
De la discusión nace...; la luz.; llena la cesta.; ni la mitad te creas.; se cría.
De lo que no cuesta...; llena la cesta.; ni la mitad te creas.; se cría.; que de los enemigos me guardo yo.
De lo que no veas...; ni la mitad te creas.; se cría.; que de los enemigos me guardo yo.; no te mojes la barriga.
De lo que se come...; se cría.; que de los enemigos me guardo yo.; no te mojes la barriga.; los avisados.
De los amigos me guarde Dios...; que de los enemigos me guardo yo.; no te mojes la barriga.; los avisados.; pero de mi dinero no.
De los cuarenta para arriba...; no te mojes la barriga.; los avisados.; pero de mi dinero no.; son pardos.
De los escarmentados nacen...; los avisados.; pero de mi dinero no.; son pardos.; al río.
De mí te reirás...; pero de mi dinero no.; son pardos.; al río.; tal vino.
De noche todos los gatos...; son pardos.; al río.; tal vino.; tal astilla.
De perdidos...; al río.; tal vino.; tal astilla.; la viña del Señor.
De tal cepa...; tal vino.; tal astilla.; la viña del Señor.; mi casa llena.
De tal palo...; tal astilla.; la viña del Señor.; mi casa llena.; una rosa.
De todo hay en...; la viña del Señor.; mi casa llena.; una rosa.; que de la brava me libraré yo.
De trigo y avena...; mi casa llena.; una rosa.; que de la brava me libraré yo.; un paso.
De una cebolla no nace...; una rosa.; que de la brava me libraré yo.; un paso.; todos hacen leña.
Del agua mansa líbreme Dios...; que de la brava me libraré yo.; un paso.; todos hacen leña.; un buen trecho.
Del amor al odio hay...; un paso.; todos hacen leña.; un buen trecho.; cuanto más lejos más seguro.
Del árbol caído...; todos hacen leña.; un buen trecho.; cuanto más lejos más seguro.; el cordero.
Del dicho al hecho hay...; un buen trecho.; cuanto más lejos más seguro.; el cordero.; el consejo.
Del jefe y del mulo...; cuanto más lejos más seguro.; el cordero.; el consejo.; todos calvos.
Del mar el mero y de la tierra...; el cordero.; el consejo.; todos calvos.; amigos.
Del viejo...; el consejo.; todos calvos.; amigos.; menos sentida.
Dentro de cien años...; todos calvos.; amigos.; menos sentida.; afortunado en amores.
Desdichas y caminos hacen...; amigos.; menos sentida.; afortunado en amores.; vestir otro.
Desgracia compartida...; menos sentida.; afortunado en amores.; vestir otro.; desnudo me hallo: ni pierdo ni gano.
Desgraciado en el juego...; afortunado en amores.; vestir otro.; desnudo me hallo: ni pierdo ni gano.; cada uno dice su parecer.
Desnudar un santo para...; vestir otro.; desnudo me hallo: ni pierdo ni gano.; cada uno dice su parecer.; viene la calma.
Desnudo nací...; desnudo me hallo: ni pierdo ni gano.; cada uno dice su parecer.; viene la calma.; el diablo.
Después de beber...; cada uno dice su parecer.; viene la calma.; el diablo.; mengua la noche y crece el día.
Después de la tempestad...; viene la calma.; el diablo.; mengua la noche y crece el día.; vísperas de nada.
Detrás de la cruz está...; el diablo.; mengua la noche y crece el día.; vísperas de nada.; hecho.
Día de Santa Lucía...; mengua la noche y crece el día.; vísperas de nada.; hecho.; amistades.
Días de mucho...; vísperas de nada.; hecho.; amistades.; quién eres.
Dicho y...; hecho.; amistades.; quién eres.; de qué careces.
Diciendo las verdades se pierden...; amistades.; quién eres.; de qué careces.; dinero.
Dime con quién andas y te diré...; quién eres.; de qué careces.; dinero.; no ahoga.
Dime de qué presumes y te diré...; de qué careces.; dinero.; no ahoga.; ellos se juntan.
Dinero llama...; dinero.; no ahoga.; ellos se juntan.; vencerás.
Dios aprieta pero...; no ahoga.; ellos se juntan.; vencerás.; digo Diego.
Dios los cría y...; ellos se juntan.; vencerás.; digo Diego.; haz lo que vieres.
Divide y...; vencerás.; digo Diego.; haz lo que vieres.; da asco.
Donde dije digo...; digo Diego.; haz lo que vieres.; da asco.; no manda marinero.
Donde fueres...; haz lo que vieres.; da asco.; no manda marinero.; las toman.
Donde hay confianza...; da asco.; no manda marinero.; las toman.; la cabeza tiene poco que decir.
Donde hay patrón...; no manda marinero.; las toman.; la cabeza tiene poco que decir.; salta la liebre.
Donde las dan...; las toman.; la cabeza tiene poco que decir.; salta la liebre.; donde va la gente.
Donde manda el corazón...; la cabeza tiene poco que decir.; salta la liebre.; donde va la gente.; tres es multitud.
Donde menos se piensa...; salta la liebre.; donde va la gente.; tres es multitud.; si uno no quiere.
¿Dónde va Vicente?...; donde va la gente.; tres es multitud.; si uno no quiere.; se vuelven de la misma condición.
Dos es compañía...; tres es multitud.; si uno no quiere.; se vuelven de la misma condición.; ciego.
Dos no riñen...; si uno no quiere.; se vuelven de la misma condición.; ciego.; más quiere.
Dos que duermen en un colchón...; se vuelven de la misma condición.; ciego.; más quiere.; volando.
El amor es...; ciego.; más quiere.; volando.; por lo sano.
El avaro cuanto más tiene...; más quiere.; volando.; por lo sano.; en el arca se vende.
El bien viene andando el mal...; volando.; por lo sano.; en el arca se vende.; en frasco pequeño.
El buen cirujano corta...; por lo sano.; en el arca se vende.; en frasco pequeño.; bien se lame.
El buen paño...; en el arca se vende.; en frasco pequeño.; bien se lame.; casa quiere.
El buen perfume se vende...; en frasco pequeño.; bien se lame.; casa quiere.; todo es empezar.
El buey suelto...; bien se lame.; casa quiere.; todo es empezar.; caballero.
El casado...; casa quiere.; todo es empezar.; caballero.; los medios.
El comer y el rascar...; todo es empezar.; caballero.; los medios.; es el más apetecido.
El dinero hace...; caballero.; los medios.; es el más apetecido.; del agua fría huye.
El fin justifica...; los medios.; es el más apetecido.; del agua fría huye.; al monje.
El fruto prohibido...; es el más apetecido.; del agua fría huye.; al monje.; el ingenio.
El gato escaldado...; del agua fría huye.; al monje.; el ingenio.; muy mala consejera.
El hábito no hace...; al monje.; el ingenio.; muy mala consejera.; dos veces en la misma piedra.
El hambre aguza...; el ingenio.; muy mala consejera.; dos veces en la misma piedra.; y Dios dispone.
El hambre es...; muy mala consejera.; dos veces en la misma piedra.; y Dios dispone.; cuanto más feo más hermoso.
El hombre es el único animal que tropieza...; dos veces en la misma piedra.; y Dios dispone.; cuanto más feo más hermoso.; a los tres días hiede.
El hombre propone...; y Dios dispone.; cuanto más feo más hermoso.; a los tres días hiede.; no es terminado.
El hombre y el oso...; cuanto más feo más hermoso.; a los tres días hiede.; no es terminado.; sobre el difunto.
El huésped y el pez...; a los tres días hiede.; no es terminado.; sobre el difunto.; no es de creer.
El invierno no es pasado mientras abril...; no es terminado.; sobre el difunto.; no es de creer.; echa un borrón.
El llanto...; sobre el difunto.; no es de creer.; echa un borrón.; memorioso.
El lloro de la mujer...; no es de creer.; echa un borrón.; memorioso.; al bollo.
El mejor escribano...; echa un borrón.; memorioso.; al bollo.; un pañuelo.
El mentiroso ha de ser...; memorioso.; al bollo.; un pañuelo.; que ayune.
El muerto al hoyo y el vivo...; al bollo.; un pañuelo.; que ayune.; engorda el caballo.
El mundo es...; un pañuelo.; que ayune.; engorda el caballo.; ni come ni deja comer al amo.
El ocio no quede impune quien no trabaje...; que ayune.; engorda el caballo.; ni come ni deja comer al amo.; al chico.
El ojo del amo...; engorda el caballo.; ni come ni deja comer al amo.; al chico.; no se hace.
El perro del hortelano...; ni come ni deja comer al amo.; al chico.; no se hace.; buena sombra le cobija.
El pez grande se come...; al chico.; no se hace.; buena sombra le cobija.; a hierro muere.
El poeta nace...; no se hace.; buena sombra le cobija.; a hierro muere.; en la cara le cae.
El que a buen árbol se arrima...; buena sombra le cobija.; a hierro muere.; en la cara le cae.; algo le cuesta.
El que a hierro mata...; a hierro muere.; en la cara le cae.; algo le cuesta.; no es traidor.
El que al cielo escupe...; en la cara le cae.; algo le cuesta.; no es traidor.; halla.
El que algo quiere...; algo le cuesta.; no es traidor.; halla.; otorga.
El que avisa...; no es traidor.; halla.; otorga.; desespera.
El que busca...; halla.; otorga.; desespera.; que tire la primera piedra.
El que calla...; otorga.; desespera.; que tire la primera piedra.; perdió su silla.
El que espera...; desespera.; que tire la primera piedra.; perdió su silla.; siempre tiene.
El que esté libre de pecado...; que tire la primera piedra.; perdió su silla.; siempre tiene.; la consigue.
El que fue a Sevilla...; perdió su silla.; siempre tiene.; la consigue.; pronto para.
El que guarda...; siempre tiene.; la consigue.; pronto para.; mucho yerra.
El que la sigue...; la consigue.; pronto para.; mucho yerra.; poco da.
El que mucho corre...; pronto para.; mucho yerra.; poco da.; no mama.
El que mucho habla...; mucho yerra.; poco da.; no mama.; que no vaya a la era.
El que mucho ofrece...; poco da.; no mama.; que no vaya a la era.; es porque no quiere.
El que no llora...; no mama.; que no vaya a la era.; es porque no quiere.; no come.
El que no quiera polvo...; que no vaya a la era.; es porque no quiere.; no come.; se queda con la mejor parte.
El que no se consuela...; es porque no quiere.; no come.; se queda con la mejor parte.; pega dos veces.
El que no trabaja...; no come.; se queda con la mejor parte.; pega dos veces.; que se moje el culo.
El que parte y reparte...; se queda con la mejor parte.; pega dos veces.; que se moje el culo.; ríe mejor.
El que pega primero...; pega dos veces.; que se moje el culo.; ríe mejor.; paga.
El que quiera peces...; que se moje el culo.; ríe mejor.; paga.; se acusa.
El que ríe el último...; ríe mejor.; paga.; se acusa.; ajos come.
El que rompe...; paga.; se acusa.; ajos come.; cosecha tempestades.
El que se excusa...; se acusa.; ajos come.; cosecha tempestades.; se equivoca.
El que se pica...; ajos come.; cosecha tempestades.; se equivoca.; se bautiza.
El que siembra viento...; cosecha tempestades.; se equivoca.; se bautiza.; ni tiene tío ni tiene ná.
El que tiene boca...; se equivoca.; se bautiza.; ni tiene tío ni tiene ná.; retuvo.
El que tiene padrino...; se bautiza.; ni tiene tío ni tiene ná.; retuvo.; que arree.
El que tiene un tío en Alcalá...; ni tiene tío ni tiene ná.; retuvo.; que arree.; sirve a muchos señores.
El que tuvo...; retuvo.; que arree.; sirve a muchos señores.; lugar.
El que venga detrás...; que arree.; sirve a muchos señores.; lugar.; el ignorante siempre quiere enseñar.
El que vive de favores...; sirve a muchos señores.; lugar.; el ignorante siempre quiere enseñar.; oro.
El saber no ocupa...; lugar.; el ignorante siempre quiere enseñar.; oro.; lo dirá.
El sabio siempre quiere aprender...; el ignorante siempre quiere enseñar.; oro.; lo dirá.; no se recupera.
El tiempo es...; oro.; lo dirá.; no se recupera.; en su sitio.
El tiempo...; lo dirá.; no se recupera.; en su sitio.; lo cura.
El tiempo perdido...; no se recupera.; en su sitio.; lo cura.; no entran moscas.
El tiempo pone a cada uno...; en su sitio.; lo cura.; no entran moscas.; cuchillo de palo.
El tiempo todo...; lo cura.; no entran moscas.; cuchillo de palo.; dura poco la alegría.
En boca cerrada...; no entran moscas.; cuchillo de palo.; dura poco la alegría.; el tuerto es el rey.
En casa del herrero...; cuchillo de palo.; dura poco la alegría.; el tuerto es el rey.; la sombra el perro.
En casa del pobre...; dura poco la alegría.; el tuerto es el rey.; la sombra el perro.; todo vale.
En el país de los ciegos...; el tuerto es el rey.; la sombra el perro.; todo vale.; el peligro.
En febrero busca...; la sombra el perro.; todo vale.; el peligro.; el gusto.
En la guerra y en el amor...; todo vale.; el peligro.; el gusto.; ni te cases ni te embarques.
En la tardanza está...; el peligro.; el gusto.; ni te cases ni te embarques.; no hay amigos.
En la variedad está...; el gusto.; ni te cases ni te embarques.; no hay amigos.; cuecen habas.
En martes...; ni te cases ni te embarques.; no hay amigos.; cuecen habas.; y otra al diablo.
En tiempo de higos...; no hay amigos.; cuecen habas.; y otra al diablo.; lechuga.
En todas partes...; cuecen habas.; y otra al diablo.; lechuga.; un notario y dos testigos.
Encender una vela a Dios...; y otra al diablo.; lechuga.; un notario y dos testigos.; y ella sola se murió.
Entre col y col...; lechuga.; un notario y dos testigos.; y ella sola se murió.; el que no las haya.
Entre dos amigos...; un notario y dos testigos.; y ella sola se murió.; el que no las haya.; ser agradecidos.
Entre todos la mataron...; y ella sola se murió.; el que no las haya.; ser agradecidos.; el vaso.
Es buena noticia...; el que no las haya.; ser agradecidos.; el vaso.; que la enfermedad.
Es de bien nacidos...; ser agradecidos.; el vaso.; que la enfermedad.; barre bien.
Es la gota que desborda...; el vaso.; que la enfermedad.; barre bien.; hace buen caldo.
Es peor el remedio...; que la enfermedad.; barre bien.; hace buen caldo.; algo tiene en la garganta.
Escoba nueva...; barre bien.; hace buen caldo.; algo tiene en la garganta.; no caza ratones.
Gallina vieja...; hace buen caldo.; algo tiene en la garganta.; no caza ratones.; del agua fría huye.
Gallo que no canta...; algo tiene en la garganta.; no caza ratones.; del agua fría huye.; hasta la sepultura.
Gato con guantes...; no caza ratones.; del agua fría huye.; hasta la sepultura.; se llena la bota.
Gato escaldado...; del agua fría huye.; hasta la sepultura.; se llena la bota.; por ajeno que por bueno.
Genio y figura...; hasta la sepultura.; se llena la bota.; por ajeno que por bueno.; por la puerta asoma.
Gota a gota...; se llena la bota.; por ajeno que por bueno.; por la puerta asoma.; se entiende la gente.
Gusta lo ajeno más...; por ajeno que por bueno.; por la puerta asoma.; se entiende la gente.; mu.
Hablando del rey de Roma...; por la puerta asoma.; se entiende la gente.; mu.; aprendiendo.
Hablando...; se entiende la gente.; mu.; aprendiendo.; no es hambre pura.
Habló el buey y dijo...; mu.; aprendiendo.; no es hambre pura.; no te quites el sayo.
Haciendo y deshaciendo se va...; aprendiendo.; no es hambre pura.; no te quites el sayo.; todo es toro.
Hambre que espera hartura...; no es hambre pura.; no te quites el sayo.; todo es toro.; longanizas.
Hasta el cuarenta de mayo...; no te quites el sayo.; todo es toro.; longanizas.; y no mires a quien.
Hasta el rabo...; todo es toro.; longanizas.; y no mires a quien.; madre sin amor.
Hay más días que...; longanizas.; y no mires a quien.; madre sin amor.; vale por dos.
Haz bien...; y no mires a quien.; madre sin amor.; vale por dos.; mañana por mí.
Hijo sin dolor...; madre sin amor.; vale por dos.; mañana por mí.; caer en las brasas.
Hombre prevenido...; vale por dos.; mañana por mí.; caer en las brasas.; volver trasquilado.
Hoy por ti...; mañana por mí.; caer en las brasas.; volver trasquilado.; pájaro muerto.
Huir del fuego para...; caer en las brasas.; volver trasquilado.; pájaro muerto.; yo me lo guiso y yo me lo como.
Ir por lana y...; volver trasquilado.; pájaro muerto.; yo me lo guiso y yo me lo como.; casa perdida.
Jaula nueva...; pájaro muerto.; yo me lo guiso y yo me lo como.; casa perdida.; bella.
Juan Palomo...; yo me lo guiso y yo me lo como.; casa perdida.; bella.; olvido.
Juego y bebida...; casa perdida.; bella.; olvido.; el saco.
La arruga es...; bella.; olvido.; el saco.; tira al monte.
La ausencia causa...; olvido.; el saco.; tira al monte.; el espejo del alma.
La avaricia rompe...; el saco.; tira al monte.; el espejo del alma.; empieza por uno mismo.
La cabra siempre...; tira al monte.; el espejo del alma.; empieza por uno mismo.; por la cocina.
La cara es...; el espejo del alma.; empieza por uno mismo.; por la cocina.; ley.
La caridad bien entendida...; empieza por uno mismo.; por la cocina.; ley.; al gato.
La casa se arruina...; por la cocina.; ley.; al gato.; poco vinagre y bien aceitada.
La costumbre hace...; ley.; al gato.; poco vinagre y bien aceitada.; lo último que se pierde.
La curiosidad mató...; al gato.; poco vinagre y bien aceitada.; lo último que se pierde.; confirma la regla.
La ensalada...; poco vinagre y bien aceitada.; lo último que se pierde.; confirma la regla.; la madre de la ciencia.
La esperanza es...; lo último que se pierde.; confirma la regla.; la madre de la ciencia.; montañas.
La excepción...; confirma la regla.; la madre de la ciencia.; montañas.; más huevos pone que la mía.
La experiencia es...; la madre de la ciencia.; montañas.; más huevos pone que la mía.; poco dura.
La fe mueve...; montañas.; más huevos pone que la mía.; poco dura.; no excusa su cumplimiento.
La gallina de mi vecina...; más huevos pone que la mía.; poco dura.; no excusa su cumplimiento.; lo que vale.
La hermosura...; poco dura.; no excusa su cumplimiento.; lo que vale.; la prudencia.
La ignorancia de la ley...; no excusa su cumplimiento.; lo que vale.; la prudencia.; pero corta lo más grueso.
La intención es...; lo que vale.; la prudencia.; pero corta lo más grueso.; con sangre entra.
La juventud tiene la fuerza y la vejez...; la prudencia.; pero corta lo más grueso.; con sangre entra.; para mí lo ancho y para ti lo agudo.
La lengua no tiene hueso...; pero corta lo más grueso.; con sangre entra.; para mí lo ancho y para ti lo agudo.; a su compañía.
La letra...; con sangre entra.; para mí lo ancho y para ti lo agudo.; a su compañía.; la que queda por decir.
La ley del embudo...; para mí lo ancho y para ti lo agudo.; a su compañía.; la que queda por decir.; el apetito.
La manzana podrida pierde...; a su compañía.; la que queda por decir.; el apetito.; debe parecerlo.
La mejor palabra siempre es...; la que queda por decir.; el apetito.; debe parecerlo.; lo pueden todo.
La mejor salsa...; el apetito.; debe parecerlo.; lo pueden todo.; al hombre de tino.
La mujer del César además de ser honesta...; debe parecerlo.; lo pueden todo.; al hombre de tino.; las fieras.
La mujer y el oro...; lo pueden todo.; al hombre de tino.; las fieras.; calva.
La mujer y el vino sacan...; al hombre de tino.; las fieras.; calva.; y el silencio es oro.
La música amansa...; las fieras.; calva.; y el silencio es oro.; nunca torna.
La ocasión la pintan...; calva.; y el silencio es oro.; nunca torna.; la que más cacarea.
La palabra es plata...; y el silencio es oro.; nunca torna.; la que más cacarea.; todo lo alcanza.
La palabra que sale de la boca...; nunca torna.; la que más cacarea.; todo lo alcanza.; la sangre altera.
La peor gallina es...; la que más cacarea.; todo lo alcanza.; la sangre altera.; va por dentro.
La perseverancia...; todo lo alcanza.; la sangre altera.; va por dentro.; la ficción.
La primavera...; la sangre altera.; va por dentro.; la ficción.; la ira quebranta.
La procesión...; va por dentro.; la ficción.; la ira quebranta.; cuanto más lejos mejor.
La realidad supera...; la ficción.; la ira quebranta.; cuanto más lejos mejor.; la bonita la desea.
La respuesta mansa...; la ira quebranta.; cuanto más lejos mejor.; la bonita la desea.; echada.
La suegra y el doctor...; cuanto más lejos mejor.; la bonita la desea.; echada.; la fuerza.
La suerte de la fea...; la bonita la desea.; echada.; la fuerza.; que se sirve frío.
La suerte está...; echada.; la fuerza.; que se sirve frío.; amarga.
La unión hace...; la fuerza.; que se sirve frío.; amarga.; un camino de rosas.
La venganza es un plato...; que se sirve frío.; amarga.; un camino de rosas.; hace que llora y repica.
La verdad es...; amarga.; un camino de rosas.; hace que llora y repica.; engañan.
La vida no es...; un camino de rosas.; hace que llora y repica.; engañan.; cuanto más lejos mejor.
La viuda rica...; hace que llora y repica.; engañan.; cuanto más lejos mejor.; odiosas.
Las apariencias...; engañan.; cuanto más lejos mejor.; odiosas.; van despacio.
Las armas de fuego...; cuanto más lejos mejor.; odiosas.; van despacio.; y el chocolate espeso.
Las comparaciones son...; odiosas.; van despacio.; y el chocolate espeso.; vienen solas.
Las cosas de palacio...; van despacio.; y el chocolate espeso.; vienen solas.; hacen las hijas perezosas.
Las cuentas claras...; y el chocolate espeso.; vienen solas.; hacen las hijas perezosas.; vuelan.
Las desgracias nunca...; vienen solas.; hacen las hijas perezosas.; vuelan.; y lo escrito permanece.
Las madres hacendosas...; hacen las hijas perezosas.; vuelan.; y lo escrito permanece.; oyen.
Las malas noticias...; vuelan.; y lo escrito permanece.; oyen.; son buenas.
Las palabras vuelan...; y lo escrito permanece.; oyen.; son buenas.; libro perdido.
Las paredes...; oyen.; son buenas.; libro perdido.; caro.
Las prisas nunca...; son buenas.; libro perdido.; caro.; bien parece.
Libro prestado...; libro perdido.; caro.; bien parece.; poco dura.
Lo barato sale...; caro.; bien parece.; poco dura.; dos veces bueno.
Lo bien hecho...; bien parece.; poco dura.; dos veces bueno.; lo servido.
Lo bueno...; poco dura.; dos veces bueno.; lo servido.; lo valiente.
Lo bueno si breve...; dos veces bueno.; lo servido.; lo valiente.; rara vez pagado.
Lo comido por...; lo servido.; lo valiente.; rara vez pagado.; ni agradecido ni pagado.
Lo cortés no quita...; lo valiente.; rara vez pagado.; ni agradecido ni pagado.; deuda.
Lo fiado...; rara vez pagado.; ni agradecido ni pagado.; deuda.; a otros sana.
Lo olvidado...; ni agradecido ni pagado.; deuda.; a otros sana.; bien acaba.
Lo prometido es...; deuda.; a otros sana.; bien acaba.; a la mañana parece.
Lo que a unos mata...; a otros sana.; bien acaba.; a la mañana parece.; la vida te lo enseñará.
Lo que bien empieza...; bien acaba.; a la mañana parece.; la vida te lo enseñará.; no incomoda.
Lo que de noche se hace...; a la mañana parece.; la vida te lo enseñará.; no incomoda.; mucho cuesta.
Lo que en los libros no está...; la vida te lo enseñará.; no incomoda.; mucho cuesta.; déjalo cocer.
Lo que es moda...; no incomoda.; mucho cuesta.; déjalo cocer.; engorda.
Lo que mucho vale...; mucho cuesta.; déjalo cocer.; engorda.; nunca se acaba.
Lo que no has de comer...; déjalo cocer.; engorda.; nunca se acaba.; aparece por los rincones.
Lo que no mata...; engorda.; nunca se acaba.; aparece por los rincones.; va en suspiros.
Lo que no se comienza...; nunca se acaba.; aparece por los rincones.; va en suspiros.; a mí poco me dura.
Lo que no se llevan los ladrones...; aparece por los rincones.; va en suspiros.; a mí poco me dura.; poco se aprecia.
Lo que no va en lágrimas...; va en suspiros.; a mí poco me dura.; poco se aprecia.; siempre dura.
Lo que otro suda...; a mí poco me dura.; poco se aprecia.; siempre dura.; sonará.
Lo que poco cuesta...; poco se aprecia.; siempre dura.; sonará.; son mis amigos.
Lo que se aprende en la cuna...; siempre dura.; sonará.; son mis amigos.; en balde.
Lo que sea...; sonará.; son mis amigos.; en balde.; ver el bosque.
Los amigos de mis amigos...; son mis amigos.; en balde.; ver el bosque.; malos consejeros.
Los años no pasan...; en balde.; ver el bosque.; malos consejeros.; son menos.
Los árboles no dejan...; ver el bosque.; malos consejeros.; son menos.; pero cuando se van.
Los celos son...; malos consejeros.; son menos.; pero cuando se van.; pasarlos pronto.
Los duelos con pan...; son menos.; pero cuando se van.; pasarlos pronto.; las verdades.
Los huéspedes mucho gusto dan...; pero cuando se van.; pasarlos pronto.; las verdades.; desde la barrera.
Los malos tragos hay que...; pasarlos pronto.; las verdades.; desde la barrera.; se lavan en casa.
Los niños y los locos dicen...; las verdades.; desde la barrera.; se lavan en casa.; consuelo de tontos.
Los toros se ven mejor...; desde la barrera.; se lavan en casa.; consuelo de tontos.; otro día.
Los trapos sucios...; se lavan en casa.; consuelo de tontos.; otro día.; ¿qué esperáis?
Mal de muchos...; consuelo de tontos.; otro día.; ¿qué esperáis?; corazón caliente.
Mañana será...; otro día.; ¿qué esperáis?; corazón caliente.; no tiene reposo.
Manitas que no dais...; ¿qué esperáis?; corazón caliente.; no tiene reposo.; sacan a mayo florido y hermoso.
Manos frías...; corazón caliente.; no tiene reposo.; sacan a mayo florido y hermoso.; que el que puede.
Marido celoso...; no tiene reposo.; sacan a mayo florido y hermoso.; que el que puede.; que cien letrados.
Marzo ventoso y abril lluvioso...; sacan a mayo florido y hermoso.; que el que puede.; que cien letrados.; por viejo que por diablo.
Más hace el que quiere...; que el que puede.; que cien letrados.; por viejo que por diablo.; que ser gracioso.
Más discurre un hambriento...; que cien letrados.; por viejo que por diablo.; que ser gracioso.; que mal acompañado.
Más sabe el diablo...; por viejo que por diablo.; que ser gracioso.; que mal acompañado.; que en botica.
Más vale caer en gracia...; que ser gracioso.; que mal acompañado.; que en botica.; que rondar un año.
Más vale estar solo...; que mal acompañado.; que en botica.; que rondar un año.; que lo bueno por conocer.
Más vale gastar en pan...; que en botica.; que rondar un año.; que lo bueno por conocer.; que fuerza.
Más vale llegar a tiempo...; que rondar un año.; que lo bueno por conocer.; que fuerza.; que ciento volando.
Más vale malo conocido...; que lo bueno por conocer.; que fuerza.; que ciento volando.; que curar.
Más vale maña...; que fuerza.; que ciento volando.; que curar.; que borrico.
Más vale pájaro en mano...; que ciento volando.; que curar.; que borrico.; que nunca.
Más vale prevenir...; que curar.; que borrico.; que nunca.; que desear.
Más vale ser arriero...; que borrico.; que nunca.; que desear.; que ciego.
Más vale tarde...; que nunca.; que desear.; que ciego.; que un buen pleito.
Más vale tener...; que desear.; que ciego.; que un buen pleito.; que dos.
Más vale tuerto...; que ciego.; que un buen pleito.; que dos.; que recibir.
Más vale un mal arreglo...; que un buen pleito.; que dos.; que recibir.; y pocas nueces.
Más ven cuatro ojos...; que dos.; que recibir.; y pocas nueces.; y pocos los escogidos.
Mejor dar...; que recibir.; y pocas nueces.; y pocos los escogidos.; se acabó la rabia.
Mucho ruido...; y pocas nueces.; y pocos los escogidos.; se acabó la rabia.; lo que no tiene.
Muchos son los llamados...; y pocos los escogidos.; se acabó la rabia.; lo que no tiene.; en su tierra.
Muerto el perro...; se acabó la rabia.; lo que no tiene.; en su tierra.; en cabeza ajena.
Nadie da...; lo que no tiene.; en su tierra.; en cabeza ajena.; hasta que truena.
Nadie es profeta...; en su tierra.; en cabeza ajena.; hasta que truena.; donde no le llamen.
Nadie escarmienta...; en cabeza ajena.; hasta que truena.; donde no le llamen.; a su tejado.
Nadie se acuerda de Santa Bárbara...; hasta que truena.; donde no le llamen.; a su tejado.; ni sirvas a quien sirvió.
Nadie se meta...; donde no le llamen.; a su tejado.; ni sirvas a quien sirvió.; ni están todos los que son.
Nadie tira piedras...; a su tejado.; ni sirvas a quien sirvió.; ni están todos los que son.; tan calvo.
Ni pidas a quien pidió...; ni sirvas a quien sirvió.; ni están todos los que son.; tan calvo.; ve su joroba.
Ni son todos los que están...; ni están todos los que son.; tan calvo.; ve su joroba.; en cabeza ajena.
Ni tanto ni...; tan calvo.; ve su joroba.; en cabeza ajena.; sino parecerlo.
Ningún jorobado...; ve su joroba.; en cabeza ajena.; sino parecerlo.; en un gallinero.
Ninguno escarmienta...; en cabeza ajena.; sino parecerlo.; en un gallinero.; hasta el fin de la victoria.
No basta ser bueno...; sino parecerlo.; en un gallinero.; hasta el fin de la victoria.; hasta que esté madura.
No cantan dos gallos...; en un gallinero.; hasta el fin de la victoria.; hasta que esté madura.; no es tiempo perdido.
No cantes gloria...; hasta el fin de la victoria.; hasta que esté madura.; no es tiempo perdido.; con quien paces.
No cojas la pera...; hasta que esté madura.; no es tiempo perdido.; con quien paces.; lo que puedas hacer hoy.
No comer por haber comido...; no es tiempo perdido.; con quien paces.; lo que puedas hacer hoy.; a los cerdos.
No con quien naces sino...; con quien paces.; lo que puedas hacer hoy.; a los cerdos.; que parecer.
No dejes para mañana...; lo que puedas hacer hoy.; a los cerdos.; que parecer.; sino el que menos ensucia.
No echéis margaritas...; a los cerdos.; que parecer.; sino el que menos ensucia.; el que menos necesita.
No es lo mismo ser...; que parecer.; sino el que menos ensucia.; el que menos necesita.; todo lo que reluce.
No es más limpio el que más limpia...; sino el que menos ensucia.; el que menos necesita.; todo lo que reluce.; como lo pintan.
No es más rico quien más tiene sino...; el que menos necesita.; todo lo que reluce.; como lo pintan.; sin din.
No es oro...; todo lo que reluce.; como lo pintan.; sin din.; pequeño.
No es tan fiero el león...; como lo pintan.; sin din.; pequeño.; sin salvado.
No hay don...; sin din.; pequeño.; sin salvado.; cien años dure.
No hay enemigo...; pequeño.; sin salvado.; cien años dure.; por bien no venga.
No hay harina...; sin salvado.; cien años dure.; por bien no venga.; no hacer aprecio.
No hay mal que...; cien años dure.; por bien no venga.; no hacer aprecio.; el que no quiere ver.
No hay mal que...; por bien no venga.; no hacer aprecio.; el que no quiere ver.; el que no quiere oír.
No hay mayor desprecio que...; no hacer aprecio.; el que no quiere ver.; el que no quiere oír.; ni verano sin calores.
No hay peor ciego que...; el que no quiere ver.; el que no quiere oír.; ni verano sin calores.; por el tejado.
No hay peor sordo que...; el que no quiere oír.; ni verano sin calores.; por el tejado.; de las apariencias.
No hay primavera sin flores...; ni verano sin calores.; por el tejado.; de las apariencias.; antes de haberlo cazado.
No hay que empezar la casa...; por el tejado.; de las apariencias.; antes de haberlo cazado.; sin excepción.
No hay que fiarse...; de las apariencias.; antes de haberlo cazado.; sin excepción.; sin espinas.
No hay que vender la piel del oso...; antes de haberlo cazado.; sin excepción.; sin espinas.; que no se tenga por listo.
No hay regla...; sin excepción.; sin espinas.; que no se tenga por listo.; que te da de comer.
No hay rosa...; sin espinas.; que no se tenga por listo.; que te da de comer.; quien puede.
No hay tonto...; que no se tenga por listo.; que te da de comer.; quien puede.; amanece más temprano.
No muerdas la mano...; que te da de comer.; quien puede.; amanece más temprano.; pues toma tres tazas.
No ofende quien quiere sino...; quien puede.; amanece más temprano.; pues toma tres tazas.; hasta que lo pierdes.
No por mucho madrugar...; amanece más temprano.; pues toma tres tazas.; hasta que lo pierdes.; de cuando fue sacristán.
No quieres caldo...; pues toma tres tazas.; hasta que lo pierdes.; de cuando fue sacristán.; en una hora.
No sabes lo que tienes...; hasta que lo pierdes.; de cuando fue sacristán.; en una hora.; para la boca del asno.
No se acuerda el cura...; de cuando fue sacristán.; en una hora.; para la boca del asno.; y repicando.
No se ganó Zamora...; en una hora.; para la boca del asno.; y repicando.; sin romper los huevos.
No se hizo la miel...; para la boca del asno.; y repicando.; sin romper los huevos.; vive el hombre.
No se puede estar en misa...; y repicando.; sin romper los huevos.; vive el hombre.; si no has abierto otra.
No se puede hacer tortilla...; sin romper los huevos.; vive el hombre.; si no has abierto otra.; que el tuyo viene de camino.
No sólo de pan...; vive el hombre.; si no has abierto otra.; que el tuyo viene de camino.; sobre tu tejado.
No te cierres una puerta...; si no has abierto otra.; que el tuyo viene de camino.; sobre tu tejado.; orégano.
No te rías del mal de vecino...; que el tuyo viene de camino.; sobre tu tejado.; orégano.; antes de haberlo cazado.
No tires piedras...; sobre tu tejado.; orégano.; antes de haberlo cazado.; en un pozo.
No todo el monte es...; orégano.; antes de haberlo cazado.; en un pozo.; de este agua no beberé.
No vendas la piel de oso...; antes de haberlo cazado.; en un pozo.; de este agua no beberé.; si la dicha es buena.
Nuestro gozo...; en un pozo.; de este agua no beberé.; si la dicha es buena.; para un descosido.
Nunca digas...; de este agua no beberé.; si la dicha es buena.; para un descosido.; a gusto de todos.
Nunca es tarde...; si la dicha es buena.; para un descosido.; a gusto de todos.; fueron buenas.
Nunca falta un roto...; para un descosido.; a gusto de todos.; fueron buenas.; que no buenas razones.
Nunca llueve...; a gusto de todos.; fueron buenas.; que no buenas razones.; diente por diente.
Nunca segundas partes...; fueron buenas.; que no buenas razones.; diente por diente.; corazón que no siente.
Obras son amores...; que no buenas razones.; diente por diente.; corazón que no siente.; que bueno me hará.
Ojo por ojo...; diente por diente.; corazón que no siente.; que bueno me hará.; bocado que pierde.
Ojos que no ven...; corazón que no siente.; que bueno me hará.; bocado que pierde.; no duelen.
Otro vendrá...; que bueno me hará.; bocado que pierde.; no duelen.; comida de tontos.
Oveja que bala...; bocado que pierde.; no duelen.; comida de tontos.; y hambre para mañana.
Palos con gusto...; no duelen.; comida de tontos.; y hambre para mañana.; alforjas.
Pan con pan...; comida de tontos.; y hambre para mañana.; alforjas.; un botón.
Pan para hoy...; y hambre para mañana.; alforjas.; un botón.; se va lejos.
Para ese viaje no se necesitan...; alforjas.; un botón.; se va lejos.; la mar.
Para muestra...; un botón.; se va lejos.; la mar.; poco mordedor.
Paso a paso...; se va lejos.; la mar.; poco mordedor.; no quita el sueño.
Pelillos a...; la mar.; poco mordedor.; no quita el sueño.; que todos son de su condición.
Perro ladrador...; poco mordedor.; no quita el sueño.; que todos son de su condición.; y acertarás.
Pesar ajeno...; no quita el sueño.; que todos son de su condición.; y acertarás.; y los ganes.
Piensa el ladrón...; que todos son de su condición.; y acertarás.; y los ganes.; se llega antes.
Piensa mal...; y acertarás.; y los ganes.; se llega antes.; y mal avenidos.
Pleitos tengas...; y los ganes.; se llega antes.; y mal avenidos.; don dinero.
Poco a poco...; se llega antes.; y mal avenidos.; don dinero.; baila el perro.
Pocos...; y mal avenidos.; don dinero.; baila el perro.; el pájaro.
Poderoso caballero es...; don dinero.; baila el perro.; el pájaro.; el ovillo.
Por dinero...; baila el perro.; el pájaro.; el ovillo.; te quiero Andrés.
Por el canto se conoce...; el pájaro.; el ovillo.; te quiero Andrés.; el pez.
Por el hilo se saca...; el ovillo.; te quiero Andrés.; el pez.; la cigüeña verás.
Por el interés...; te quiero Andrés.; el pez.; la cigüeña verás.; los conoceréis.
Por la boca muere...; el pez.; la cigüeña verás.; los conoceréis.; una herradura.
Por San Blas...; la cigüeña verás.; los conoceréis.; una herradura.; y por otro me sale.
Por sus frutos...; los conoceréis.; una herradura.; y por otro me sale.; mataperros me llamaron.
Por un clavo se pierde...; una herradura.; y por otro me sale.; mataperros me llamaron.; a Roma.
Por un oído me entra...; y por otro me sale.; mataperros me llamaron.; a Roma.; que la devoción.
Por un perro que maté...; mataperros me llamaron.; a Roma.; que la devoción.; su vela.
Preguntando se va...; a Roma.; que la devoción.; su vela.; poder.
Primero es la obligación...; que la devoción.; su vela.; poder.; buena sombra le cobija.
Que cada palo aguante...; su vela.; poder.; buena sombra le cobija.; a hierro muere.
Querer es...; poder.; buena sombra le cobija.; a hierro muere.; bien desata.
Quien a buen árbol se arrima...; buena sombra le cobija.; a hierro muere.; bien desata.; bien recoge.
Quien a hierro mata...; a hierro muere.; bien desata.; bien recoge.; te hará llorar.
Quien bien ata...; bien desata.; bien recoge.; te hará llorar.; halla.
Quien bien siembra...; bien recoge.; te hará llorar.; halla.; otorga.
Quien bien te quiere...; te hará llorar.; halla.; otorga.; se quema.
Quien busca...; halla.; otorga.; se quema.; a aullar se enseña.
Quien calla...; otorga.; se quema.; a aullar se enseña.; mojado amanece.
Quien con fuego juega...; se quema.; a aullar se enseña.; mojado amanece.; pierde pan y pierde perro.
Quien con lobos anda...; a aullar se enseña.; mojado amanece.; pierde pan y pierde perro.; da dos veces
Quien con niños se acuesta...; mojado amanece.; pierde pan y pierde perro.; da dos veces; de viejo duerme en la paja.
Quien da pan a perro ajeno...; pierde pan y pierde perro.; da dos veces; de viejo duerme en la paja.; no tiene cura.
Quien da primero...; da dos veces; de viejo duerme en la paja.; no tiene cura.; que tire la primera piedra.
Quien de joven no trabaja...; de viejo duerme en la paja.; no tiene cura.; que tire la primera piedra.; halla.
Quien enferma de locura...; no tiene cura.; que tire la primera piedra.; halla.; no está obligado a más.
Quien esté libre de culpa...; que tire la primera piedra.; halla.; no está obligado a más.; hizo la trampa.
Quien guarda...; halla.; no está obligado a más.; hizo la trampa.; ni oye misa ni come carne.
Quien hace lo que puede...; no está obligado a más.; hizo la trampa.; ni oye misa ni come carne.; mal acaba.
Quien hizo la ley...; hizo la trampa.; ni oye misa ni come carne.; mal acaba.; más pierde.
Quien llega tarde...; ni oye misa ni come carne.; mal acaba.; más pierde.; más quiere.
Quien mal anda...; mal acaba.; más pierde.; más quiere.; poco aprieta.
Quien más pone...; más pierde.; más quiere.; poco aprieta.; poco aprende.
Quien más tiene...; más quiere.; poco aprieta.; poco aprende.; muere cochino.
Quien mucho abarca...; poco aprieta.; poco aprende.; muere cochino.; no cosecha.
Quien mucho duerme...; poco aprende.; muere cochino.; no cosecha.; no pasa la mar.
Quien nace lechón...; muere cochino.; no cosecha.; no pasa la mar.; no recoge.
Quien no barbecha...; no cosecha.; no pasa la mar.; no recoge.; que te compre.
Quien no se arriesga...; no pasa la mar.; no recoge.; que te compre.; que tenga pies.
Quien no siembra...; no recoge.; que te compre.; que tenga pies.; no se bautiza.
Quien no te conoce...; que te compre.; que tenga pies.; no se bautiza.; descansa.
Quien no tenga cabeza...; que tenga pies.; no se bautiza.; descansa.; manda.
Quien no tiene padrino...; no se bautiza.; descansa.; manda.; se equivoca.
Quien paga...; descansa.; manda.; se equivoca.; pierde el sermón.
Quien paga...; manda.; se equivoca.; pierde el sermón.; tiene cien años de perdón.
Quien tiene boca...; se equivoca.; pierde el sermón.; tiene cien años de perdón.; ajos come.
Quien predica en el desierto...; pierde el sermón.; tiene cien años de perdón.; ajos come.; recoge tempestades.
Quien roba a un ladrón...; tiene cien años de perdón.; ajos come.; recoge tempestades.; tiene un tesoro.
Quien se pica...; ajos come.; recoge tempestades.; tiene un tesoro.; todo lo pierde.
Quien siembra vientos...; recoge tempestades.; tiene un tesoro.; todo lo pierde.; de sabios.
Quien tiene un amigo...; tiene un tesoro.; todo lo pierde.; de sabios.; morir.
Quien todo lo quiere...; todo lo pierde.; de sabios.; morir.; oveja muerta.
Rectificar es...; de sabios.; morir.; oveja muerta.; que la enfermedad.
Renovarse o...; morir.; oveja muerta.; que la enfermedad.; y entrar en Guatepeor.
Reunión de pastores...; oveja muerta.; que la enfermedad.; y entrar en Guatepeor.; lo que se da no se quita.
Resultó peor el remedio...; que la enfermedad.; y entrar en Guatepeor.; lo que se da no se quita.; no pica.
Salir de Guatemala...; y entrar en Guatepeor.; lo que se da no se quita.; no pica.; pero no el pecador.
Santa Rita Rita...; lo que se da no se quita.; no pica.; pero no el pecador.; pierdes las amistades.
Sarna con gusto...; no pica.; pero no el pecador.; pierdes las amistades.; pueden ser amigos perro y gato.
Se dice el pecado...; pero no el pecador.; pierdes las amistades.; pueden ser amigos perro y gato.; ¡cuántos tiñosos habría!.
Si dices las verdades...; pierdes las amistades.; pueden ser amigos perro y gato.; ¡cuántos tiñosos habría!.; Mahoma va a la montaña.
Si hay trato...; pueden ser amigos perro y gato.; ¡cuántos tiñosos habría!.; Mahoma va a la montaña.; únete a él.
Si la envidia fuera tiña...; ¡cuántos tiñosos habría!.; Mahoma va a la montaña.; únete a él.; taza y media.
Si la montaña no va a Mahoma...; Mahoma va a la montaña.; únete a él.; taza y media.; poco vales.
Si no puedes con tu enemigo...; únete a él.; taza y media.; poco vales.; ruega a Dios que sea bajo.
Si no quieres una taza...; taza y media.; poco vales.; ruega a Dios que sea bajo.; quien tiene por qué callar.
Si no te envidia nadie...; poco vales.; ruega a Dios que sea bajo.; quien tiene por qué callar.; nada escrito.
Si te mandare tu mujer arrojarte de un tajo...; ruega a Dios que sea bajo.; quien tiene por qué callar.; nada escrito.; tal criado.
Siempre sale a hablar...; quien tiene por qué callar.; nada escrito.; tal criado.; tanto vales.
Sobre gustos no hay...; nada escrito.; tal criado.; tanto vales.; que al final se rompe.
Tal amo...; tal criado.; tanto vales.; que al final se rompe.; esconder la mano.
Tanto tienes...; tanto vales.; que al final se rompe.; esconder la mano.; la hermosura.
Tanto va el cántaro a la fuente...; que al final se rompe.; esconder la mano.; la hermosura.; menos la muerte.
Tirar la piedra y...; esconder la mano.; la hermosura.; menos la muerte.; apaleado.
Todo se pega menos...; la hermosura.; menos la muerte.; apaleado.; corazón sin alegría.
Todo tiene remedio...; menos la muerte.; apaleado.; corazón sin alegría.; otro clavo.
Tras cornudo...; apaleado.; corazón sin alegría.; otro clavo.; pero ayuda al compañero.
Tripa vacía...; corazón sin alegría.; otro clavo.; pero ayuda al compañero.; es difícil de encontrar.
Un clavo saca...; otro clavo.; pero ayuda al compañero.; es difícil de encontrar.; dar trigo.
Un grano no hace granero...; pero ayuda al compañero.; es difícil de encontrar.; dar trigo.; mil palabras.
Una aguja en un pajar...; es difícil de encontrar.; dar trigo.; mil palabras.; y ambas la cara.
Una cosa es predicar y otra...; dar trigo.; mil palabras.; y ambas la cara.; te arrepentirás.
Una imagen vale más que...; mil palabras.; y ambas la cara.; te arrepentirás.; y otros lo siegan.
Una mano lava a la otra...; y ambas la cara.; te arrepentirás.; y otros lo siegan.; estrellados.
Una vez te casarás y mil...; te arrepentirás.; y otros lo siegan.; estrellados.; la casa sin barrer.
Unos lo siembran...; y otros lo siegan.; estrellados.; la casa sin barrer.; tan poco.
Unos nacen con estrella y otros...; estrellados.; la casa sin barrer.; tan poco.; y otros cardan la lana.
Unos por otros...; la casa sin barrer.; tan poco.; y otros cardan la lana.; maestro.
Unos tanto y otros...; tan poco.; y otros cardan la lana.; maestro.; y no vemos la viga en el nuestro.
Unos tienen la fama...; y otros cardan la lana.; maestro.; y no vemos la viga en el nuestro.; que tengo prisa.
Uso hace...; maestro.; y no vemos la viga en el nuestro.; que tengo prisa.; a tus zapatos.
Vemos la paja en el ojo ajeno...; y no vemos la viga en el nuestro.; que tengo prisa.; a tus zapatos.; nunca bien henchido.
Vísteme despacio...; que tengo prisa.; a tus zapatos.; nunca bien henchido.; corazón contento.
Zapatero...; a tus zapatos.; nunca bien henchido.; corazón contento.; pocas palabras bastan.
Zurrón de mendigo...; nunca bien henchido.; corazón contento.; pocas palabras bastan.; no hay pan duro.